               epoch,      train/box_loss,      train/obj_loss,      train/cls_loss,   metrics/precision,      metrics/recall,     metrics/mAP_0.5,metrics/mAP_0.5:0.95,        val/box_loss,        val/obj_loss,        val/cls_loss,               x/lr0,               x/lr1,               x/lr2
                   0,             0.11281,            0.080338,            0.045002,          0.00097619,             0.11919,           0.0009666,          0.00038764,            0.099328,             0.08304,            0.042961,              0.0883,              0.0013,              0.0013
                   1,             0.10506,            0.091506,            0.042821,          0.00083333,             0.10174,          0.00069566,           0.0001565,            0.094667,               0.088,            0.042212,            0.075691,           0.0026911,           0.0026911
                   2,             0.10036,            0.099812,            0.041238,          0.00085714,             0.10465,          0.00076131,          0.00015087,            0.091789,            0.090924,            0.041448,            0.063073,           0.0040729,           0.0040729
                   3,            0.098522,            0.099047,            0.039783,          0.00082604,            0.098837,          0.00063578,          0.00013597,            0.090584,            0.092064,            0.040857,            0.050446,           0.0054456,           0.0054456
                   4,            0.097192,             0.10483,            0.038948,          0.00082604,            0.098837,          0.00073306,          0.00014476,            0.090097,            0.092418,            0.040361,            0.037809,           0.0068089,           0.0068089
                   5,            0.094597,             0.10572,            0.037257,          0.00085034,             0.10174,          0.00089648,          0.00017244,            0.089762,            0.092625,            0.039856,            0.025163,            0.008163,            0.008163
                   6,            0.092841,             0.10055,            0.034935,          0.00082612,            0.098837,           0.0017673,          0.00033684,            0.089616,            0.092596,            0.039553,            0.012508,           0.0095079,           0.0095079
                   7,             0.09171,            0.099146,            0.032602,           0.0019801,             0.12427,            0.011636,           0.0023518,            0.087331,            0.091302,            0.037318,            0.009769,            0.009769,            0.009769
                   8,            0.087442,             0.09234,            0.031702,             0.03754,             0.09593,            0.046028,            0.010971,            0.076782,            0.098053,            0.031693,            0.009769,            0.009769,            0.009769
                   9,            0.081777,            0.093295,            0.029961,             0.55368,             0.19034,            0.049312,            0.013915,            0.075835,            0.085768,            0.028917,            0.009736,            0.009736,            0.009736
                  10,            0.083598,            0.093734,            0.028164,             0.56046,             0.15978,            0.044968,            0.012565,            0.078594,            0.074545,            0.025536,            0.009703,            0.009703,            0.009703
                  11,            0.084597,            0.086453,            0.026661,             0.56563,             0.22371,            0.060315,            0.016286,            0.081821,            0.070442,            0.020973,             0.00967,             0.00967,             0.00967
                  12,             0.08146,            0.085695,            0.024302,             0.53635,             0.13579,            0.030371,           0.0080046,            0.090389,            0.071441,            0.025093,            0.009637,            0.009637,            0.009637
                  13,            0.084803,            0.080841,            0.022537,             0.60222,             0.24765,             0.10133,            0.031648,            0.078598,            0.070564,            0.021106,            0.009604,            0.009604,            0.009604
                  14,            0.078316,            0.075449,            0.020858,             0.59599,             0.15887,            0.074976,            0.023069,            0.080993,              0.0678,             0.01848,            0.009571,            0.009571,            0.009571
                  15,            0.076559,            0.074679,            0.019899,             0.29657,            0.044312,            0.017023,           0.0065403,            0.085503,             0.10333,             0.02627,            0.009538,            0.009538,            0.009538
                  16,            0.076055,             0.07481,            0.019851,              0.6347,             0.10319,            0.047473,            0.014645,            0.086823,            0.082111,             0.03125,            0.009505,            0.009505,            0.009505
                  17,            0.070116,            0.072958,            0.018554,             0.55485,             0.10675,            0.028592,           0.0089522,            0.087765,            0.085324,              0.0237,            0.009472,            0.009472,            0.009472
                  18,            0.073451,            0.074084,            0.017246,             0.13776,             0.24745,             0.14497,            0.046321,            0.068667,             0.12946,            0.014634,            0.009439,            0.009439,            0.009439
                  19,            0.065752,            0.071204,            0.015831,               0.703,              0.2359,             0.18593,            0.067692,            0.062476,            0.073412,             0.01257,            0.009406,            0.009406,            0.009406
                  20,             0.07159,            0.069308,            0.017259,             0.74196,             0.28516,             0.26427,            0.097696,            0.058446,            0.066853,            0.010763,            0.009373,            0.009373,            0.009373
                  21,            0.064913,            0.067874,            0.014582,             0.71027,             0.33453,             0.23018,            0.077385,            0.057269,            0.073695,            0.011895,             0.00934,             0.00934,             0.00934
                  22,            0.068171,             0.07085,            0.015694,             0.77045,              0.3258,             0.32767,             0.13962,            0.055792,            0.066466,            0.011844,            0.009307,            0.009307,            0.009307
                  23,            0.064297,            0.069718,            0.014069,              0.7389,             0.34103,             0.29834,             0.11781,            0.057441,            0.060554,            0.010426,            0.009274,            0.009274,            0.009274
                  24,            0.069052,            0.067908,            0.013481,             0.62652,             0.17353,             0.10743,            0.043352,            0.077837,            0.095062,            0.030395,            0.009241,            0.009241,            0.009241
                  25,            0.062143,            0.062706,            0.012815,             0.76568,             0.39874,              0.3633,             0.15231,            0.051129,            0.058865,           0.0093219,            0.009208,            0.009208,            0.009208
                  26,            0.061294,            0.062317,            0.013533,             0.75064,             0.37819,             0.33068,             0.13112,            0.052062,             0.05573,           0.0098842,            0.009175,            0.009175,            0.009175
                  27,            0.058777,            0.060663,             0.01385,             0.80539,             0.39042,             0.36734,             0.15689,            0.045394,            0.063955,            0.010058,            0.009142,            0.009142,            0.009142
                  28,             0.06246,            0.061945,            0.014636,             0.69725,             0.34338,             0.23399,            0.071037,            0.062724,             0.05773,           0.0097557,            0.009109,            0.009109,            0.009109
                  29,             0.05867,            0.062021,            0.013801,             0.82628,              0.3921,              0.3953,             0.18529,            0.043598,             0.05379,           0.0098917,            0.009076,            0.009076,            0.009076
                  30,            0.059526,            0.068312,            0.013309,             0.79927,             0.38686,             0.36139,             0.13713,            0.052723,            0.053957,           0.0094646,            0.009043,            0.009043,            0.009043
                  31,            0.060583,            0.061065,            0.012286,             0.81861,             0.41291,             0.39207,             0.18179,            0.045071,            0.052727,           0.0097639,             0.00901,             0.00901,             0.00901
                  32,             0.05907,            0.060687,            0.011673,             0.82868,             0.37449,             0.38264,             0.14455,            0.053298,              0.0516,           0.0097666,            0.008977,            0.008977,            0.008977
                  33,            0.056671,            0.064241,            0.013048,             0.90972,             0.42053,             0.47241,             0.23053,             0.04237,            0.052429,           0.0092423,            0.008944,            0.008944,            0.008944
                  34,            0.055807,              0.0579,            0.012936,             0.85955,             0.41973,             0.44266,             0.19673,            0.043117,              0.0521,           0.0089907,            0.008911,            0.008911,            0.008911
                  35,            0.051668,            0.057006,             0.01165,              0.9005,             0.43461,             0.48406,             0.21923,            0.041366,            0.048764,           0.0088821,            0.008878,            0.008878,            0.008878
                  36,             0.05543,            0.057677,            0.013084,             0.87095,              0.3944,             0.42708,             0.17969,            0.046772,            0.049176,           0.0091557,            0.008845,            0.008845,            0.008845
                  37,            0.051313,            0.057669,            0.011467,             0.70815,             0.22576,              0.1713,            0.072018,            0.061672,            0.083081,            0.021936,            0.008812,            0.008812,            0.008812
                  38,            0.054032,            0.054641,            0.011015,             0.88647,             0.41132,             0.46608,             0.19233,            0.047875,            0.057372,           0.0096071,            0.008779,            0.008779,            0.008779
                  39,            0.052215,            0.057267,            0.012154,             0.92523,             0.42454,             0.50386,             0.26605,            0.038956,            0.048481,           0.0089456,            0.008746,            0.008746,            0.008746
                  40,            0.048569,            0.057247,            0.011815,             0.66344,             0.26208,             0.14336,            0.056565,            0.064857,             0.10235,            0.025958,            0.008713,            0.008713,            0.008713
                  41,            0.049248,            0.056244,            0.011755,             0.91774,              0.4509,             0.50341,              0.2704,            0.039228,             0.04812,           0.0086145,             0.00868,             0.00868,             0.00868
                  42,            0.049081,            0.055764,            0.012094,             0.84529,             0.34992,             0.36616,             0.13457,            0.056078,            0.057112,            0.010008,            0.008647,            0.008647,            0.008647
                  43,            0.049581,            0.057859,            0.011778,             0.90549,             0.41653,             0.48652,             0.24828,            0.040647,            0.044916,            0.008875,            0.008614,            0.008614,            0.008614
                  44,            0.050868,            0.055963,            0.010698,             0.91895,             0.40561,              0.5856,             0.31138,            0.040215,            0.050632,           0.0093888,            0.008581,            0.008581,            0.008581
                  45,            0.049024,            0.057183,            0.012866,             0.93066,              0.4513,             0.59302,             0.32852,            0.039236,            0.046085,           0.0087848,            0.008548,            0.008548,            0.008548
                  46,            0.049954,            0.053066,            0.011462,             0.79229,             0.29616,             0.31613,             0.14853,            0.048423,            0.064259,            0.012264,            0.008515,            0.008515,            0.008515
                  47,            0.047488,            0.055168,            0.010744,             0.94489,             0.45149,             0.61152,             0.35593,            0.036776,            0.046212,           0.0080678,            0.008482,            0.008482,            0.008482
                  48,            0.048926,            0.052405,            0.011925,             0.92369,             0.44699,             0.58461,             0.26126,            0.040114,             0.05381,           0.0095071,            0.008449,            0.008449,            0.008449
                  49,            0.044649,            0.053141,            0.011418,             0.93367,             0.45178,             0.61849,             0.35667,            0.036591,            0.044447,           0.0082208,            0.008416,            0.008416,            0.008416
                  50,            0.048655,            0.053887,            0.011986,             0.91622,             0.43471,              0.5523,              0.2607,            0.041868,            0.046044,           0.0082341,            0.008383,            0.008383,            0.008383
                  51,            0.044643,            0.051759,            0.010819,             0.94594,             0.44848,             0.58472,                0.33,            0.036953,            0.043009,           0.0079606,             0.00835,             0.00835,             0.00835
                  52,            0.045615,            0.053249,            0.010636,             0.92765,             0.45849,             0.65492,             0.39109,            0.036289,            0.043094,           0.0081799,            0.008317,            0.008317,            0.008317
                  53,            0.043529,            0.051113,            0.011728,             0.93864,             0.45212,             0.55975,             0.31777,            0.034763,            0.043353,           0.0084904,            0.008284,            0.008284,            0.008284
                  54,            0.047759,            0.050462,            0.010708,             0.91024,             0.44655,             0.54799,             0.25932,            0.038999,            0.047871,           0.0089282,            0.008251,            0.008251,            0.008251
                  55,            0.044332,            0.049768,            0.010167,             0.93139,             0.43324,             0.56679,             0.28341,            0.040115,            0.042883,           0.0089477,            0.008218,            0.008218,            0.008218
                  56,            0.046627,            0.051076,            0.010923,             0.91044,             0.46221,             0.59752,             0.31161,            0.037078,            0.043719,           0.0084986,            0.008185,            0.008185,            0.008185
                  57,            0.043686,            0.053661,            0.011056,              0.9277,             0.46446,              0.6353,             0.35972,            0.034274,            0.046516,           0.0077821,            0.008152,            0.008152,            0.008152
                  58,            0.041697,            0.049758,            0.010564,             0.91211,             0.46862,             0.67659,              0.3666,            0.036317,            0.045401,           0.0085839,            0.008119,            0.008119,            0.008119
                  59,            0.043608,            0.052364,            0.010688,             0.92769,             0.44633,             0.55374,             0.29655,            0.036859,            0.044135,           0.0083563,            0.008086,            0.008086,            0.008086
                  60,            0.045631,            0.049572,            0.010748,             0.93977,             0.45066,             0.54797,              0.3081,            0.036406,             0.04199,           0.0081862,            0.008053,            0.008053,            0.008053
                  61,            0.041583,            0.053863,            0.010948,             0.93295,             0.46094,             0.63387,              0.3847,            0.032955,            0.044003,           0.0088409,             0.00802,             0.00802,             0.00802
                  62,            0.042057,            0.052897,            0.010439,             0.94446,             0.44503,             0.59142,             0.34954,             0.03513,            0.043314,           0.0083797,            0.007987,            0.007987,            0.007987
                  63,            0.040941,            0.050826,            0.010438,             0.92453,             0.43763,             0.57215,             0.29997,            0.037606,            0.045936,           0.0083021,            0.007954,            0.007954,            0.007954
                  64,             0.04326,            0.048331,            0.010489,             0.92899,             0.45501,             0.55531,             0.32741,            0.033567,            0.043845,           0.0078862,            0.007921,            0.007921,            0.007921
                  65,            0.041453,            0.050683,           0.0094083,             0.93394,             0.47231,             0.58652,             0.32797,            0.034749,             0.04285,           0.0072632,            0.007888,            0.007888,            0.007888
                  66,            0.042199,            0.053164,           0.0098875,             0.92312,             0.42724,             0.57681,             0.30648,            0.037438,            0.045768,           0.0084959,            0.007855,            0.007855,            0.007855
                  67,            0.043092,            0.053881,            0.010444,             0.93768,             0.46373,             0.63125,             0.38013,             0.03319,            0.042483,           0.0073519,            0.007822,            0.007822,            0.007822
                  68,            0.040168,             0.04673,           0.0089835,             0.94466,             0.46353,             0.62125,             0.35607,            0.034095,            0.041414,            0.008039,            0.007789,            0.007789,            0.007789
                  69,            0.040341,            0.047669,            0.010715,             0.94022,             0.46281,             0.63982,             0.37363,            0.034348,            0.044771,           0.0074472,            0.007756,            0.007756,            0.007756
                  70,            0.041001,            0.053988,           0.0095686,             0.91642,              0.4543,             0.63429,             0.34138,            0.037021,            0.042412,           0.0085638,            0.007723,            0.007723,            0.007723
                  71,            0.040226,            0.051228,           0.0094679,             0.95574,             0.45574,             0.67537,             0.41768,            0.033374,            0.040853,           0.0083121,             0.00769,             0.00769,             0.00769
                  72,            0.042796,            0.050401,           0.0099456,             0.92969,             0.39767,             0.56598,             0.30626,            0.039057,            0.049044,           0.0089461,            0.007657,            0.007657,            0.007657
                  73,            0.041491,            0.050041,           0.0095011,             0.94299,              0.4498,              0.6253,             0.36976,            0.031804,            0.041277,           0.0075369,            0.007624,            0.007624,            0.007624
                  74,            0.042084,            0.047675,            0.010233,             0.90728,               0.314,             0.50124,             0.25937,            0.045359,            0.061856,           0.0096067,            0.007591,            0.007591,            0.007591
                  75,            0.043834,            0.049465,           0.0097166,             0.94698,             0.46125,              0.6124,             0.35548,             0.03322,            0.042849,           0.0071498,            0.007558,            0.007558,            0.007558
                  76,            0.039991,            0.047245,           0.0096221,             0.95725,             0.44535,             0.64425,              0.3749,             0.03313,            0.041236,           0.0071731,            0.007525,            0.007525,            0.007525
                  77,             0.03891,            0.048717,           0.0089756,             0.96854,             0.45293,              0.6292,             0.38732,            0.031164,            0.039591,           0.0068588,            0.007492,            0.007492,            0.007492
                  78,             0.04042,            0.047445,           0.0095488,             0.95713,             0.45935,             0.64484,             0.36523,             0.03587,            0.040458,           0.0071054,            0.007459,            0.007459,            0.007459
                  79,            0.039645,            0.050221,           0.0094072,             0.94411,             0.46079,             0.63739,             0.35506,              0.0352,            0.040691,           0.0071284,            0.007426,            0.007426,            0.007426
                  80,            0.040239,            0.048128,           0.0099268,             0.94706,             0.45234,             0.65216,             0.39733,            0.034183,            0.040708,           0.0071664,            0.007393,            0.007393,            0.007393
                  81,            0.043106,            0.046884,           0.0092407,             0.90016,             0.17686,             0.33102,             0.14753,            0.053596,            0.097878,            0.011504,             0.00736,             0.00736,             0.00736
                  82,            0.039308,             0.05019,           0.0089792,             0.93057,             0.45951,             0.66284,             0.39882,            0.033445,             0.04371,           0.0065872,            0.007327,            0.007327,            0.007327
                  83,            0.038775,            0.047044,           0.0093789,             0.74733,             0.53984,             0.67802,             0.42413,            0.030924,            0.039565,           0.0067919,            0.007294,            0.007294,            0.007294
                  84,            0.037529,            0.048149,           0.0088273,             0.96459,             0.46011,             0.65986,             0.40096,            0.032182,            0.039681,           0.0067651,            0.007261,            0.007261,            0.007261
                  85,            0.038872,            0.048543,           0.0091446,             0.95369,             0.45576,             0.63682,             0.38339,            0.031171,            0.040582,           0.0074833,            0.007228,            0.007228,            0.007228
                  86,            0.037478,            0.047081,           0.0088947,              0.9541,             0.44484,             0.60541,             0.35849,             0.03547,            0.043257,           0.0083959,            0.007195,            0.007195,            0.007195
                  87,            0.039235,            0.048276,           0.0090129,             0.76688,             0.53693,             0.66133,             0.39527,            0.032026,             0.04115,           0.0075116,            0.007162,            0.007162,            0.007162
                  88,            0.038555,            0.049542,           0.0088295,             0.94503,             0.46373,             0.67396,             0.39949,            0.034627,            0.041357,           0.0069755,            0.007129,            0.007129,            0.007129
                  89,            0.038719,            0.047863,            0.009766,             0.79715,             0.53984,             0.69006,             0.42504,            0.031405,            0.040064,           0.0068442,            0.007096,            0.007096,            0.007096
                  90,            0.037642,            0.047043,            0.009723,             0.73098,             0.53693,             0.69183,             0.40428,            0.033989,            0.041915,           0.0068864,            0.007063,            0.007063,            0.007063
                  91,            0.037358,            0.044738,           0.0095215,             0.73362,             0.52968,             0.65464,             0.36773,            0.034813,            0.042584,           0.0069035,             0.00703,             0.00703,             0.00703
                  92,            0.039787,            0.049005,           0.0086524,             0.79014,              0.5384,              0.6633,             0.38968,            0.032729,             0.04208,           0.0074385,            0.006997,            0.006997,            0.006997
                  93,            0.036853,            0.047117,           0.0092109,             0.95725,             0.43263,             0.55927,             0.31779,            0.035233,            0.046742,           0.0074857,            0.006964,            0.006964,            0.006964
                  94,            0.038107,            0.047767,           0.0092435,             0.67684,             0.53476,             0.66103,             0.38995,            0.033376,            0.042211,            0.007318,            0.006931,            0.006931,            0.006931
                  95,            0.035981,            0.045353,           0.0084921,             0.55395,             0.58368,             0.67167,             0.40768,            0.031365,            0.040925,            0.006607,            0.006898,            0.006898,            0.006898
                  96,            0.038356,            0.046192,           0.0084191,             0.53581,             0.58441,             0.68017,             0.40242,            0.033257,            0.039745,           0.0069304,            0.006865,            0.006865,            0.006865
                  97,            0.036993,            0.046013,           0.0084144,             0.50434,             0.58659,             0.71087,             0.43361,            0.031888,            0.039669,           0.0069962,            0.006832,            0.006832,            0.006832
                  98,            0.038062,            0.047295,           0.0088133,             0.95244,             0.45501,             0.71166,             0.43777,            0.032232,            0.043671,           0.0071391,            0.006799,            0.006799,            0.006799
                  99,             0.03584,            0.040283,           0.0084881,             0.61974,             0.58077,              0.6814,             0.43852,            0.031371,            0.039403,           0.0073376,            0.006766,            0.006766,            0.006766
                 100,            0.037392,             0.04562,           0.0086387,             0.59586,             0.53363,             0.60447,             0.31472,            0.043708,            0.048847,           0.0090084,            0.006733,            0.006733,            0.006733
                 101,            0.037526,            0.047655,           0.0090322,             0.66998,             0.62155,             0.68213,             0.41772,            0.033143,            0.038518,           0.0067912,              0.0067,              0.0067,              0.0067
                 102,            0.039793,            0.044224,            0.007994,             0.47185,             0.58077,             0.64821,             0.37711,            0.033648,            0.038655,           0.0066753,            0.006667,            0.006667,            0.006667
                 103,            0.039344,            0.045276,           0.0084864,             0.45789,             0.55899,             0.64361,             0.39209,            0.033705,            0.037971,           0.0070522,            0.006634,            0.006634,            0.006634
                 104,            0.039135,            0.046563,            0.009096,             0.38415,             0.55089,             0.64127,             0.37912,            0.031695,            0.039744,           0.0068776,            0.006601,            0.006601,            0.006601
                 105,            0.035068,             0.04724,           0.0087507,              0.9629,             0.42427,             0.59628,              0.3616,            0.035095,            0.046912,           0.0073376,            0.006568,            0.006568,            0.006568
                 106,            0.036611,            0.042414,           0.0075983,             0.55598,             0.57322,              0.6955,             0.40938,            0.034074,            0.040534,           0.0067144,            0.006535,            0.006535,            0.006535
                 107,            0.035617,            0.044179,            0.007787,             0.61102,             0.58471,             0.72684,             0.45825,             0.03124,            0.039839,            0.006504,            0.006502,            0.006502,            0.006502
                 108,            0.034402,            0.044899,           0.0081544,             0.50341,             0.56553,             0.64573,             0.38715,            0.035278,            0.043043,           0.0072008,            0.006469,            0.006469,            0.006469
                 109,            0.034326,            0.042764,           0.0081169,             0.40614,             0.53693,             0.63373,             0.37249,             0.03338,            0.040907,           0.0067603,            0.006436,            0.006436,            0.006436
                 110,            0.035561,            0.040099,           0.0070742,             0.43558,             0.60343,             0.58287,             0.34145,             0.03351,                0.04,            0.006722,            0.006403,            0.006403,            0.006403
                 111,            0.034784,            0.046667,           0.0090323,              0.5039,             0.63368,             0.68533,             0.41272,            0.031981,            0.044456,           0.0065148,             0.00637,             0.00637,             0.00637
                 112,            0.035493,             0.04421,           0.0075527,             0.52669,             0.62608,             0.65028,             0.39398,            0.031903,            0.039988,           0.0065308,            0.006337,            0.006337,            0.006337
                 113,            0.036334,            0.044195,           0.0085084,             0.64799,             0.62803,             0.73618,             0.43637,            0.031927,            0.040259,           0.0068308,            0.006304,            0.006304,            0.006304
                 114,            0.037911,            0.045126,           0.0076676,             0.57959,             0.61859,             0.68612,             0.42818,             0.03204,            0.039898,           0.0073829,            0.006271,            0.006271,            0.006271
                 115,            0.037103,            0.045486,           0.0087049,             0.52688,             0.63659,             0.71834,             0.45256,            0.030306,            0.039784,           0.0075774,            0.006238,            0.006238,            0.006238
                 116,            0.036481,            0.042503,           0.0082792,             0.77335,             0.63368,             0.72406,             0.44538,            0.032781,            0.038884,           0.0067501,            0.006205,            0.006205,            0.006205
                 117,            0.035636,            0.043095,           0.0079716,             0.53914,             0.62861,             0.67908,             0.41699,            0.032548,            0.041213,           0.0074668,            0.006172,            0.006172,            0.006172
                 118,            0.034581,            0.042141,           0.0080387,             0.63052,             0.64911,              0.7364,             0.44583,            0.032379,            0.038898,           0.0067659,            0.006139,            0.006139,            0.006139
                 119,            0.034691,            0.043204,           0.0078504,             0.60129,             0.62786,             0.68256,             0.42177,            0.029453,            0.037369,           0.0062181,            0.006106,            0.006106,            0.006106
                 120,            0.033979,            0.045639,           0.0077456,             0.66164,             0.67975,             0.73305,             0.46032,            0.031329,            0.040365,           0.0060131,            0.006073,            0.006073,            0.006073
                 121,            0.035219,            0.041029,           0.0073446,             0.68287,             0.69194,             0.79685,             0.50128,            0.029729,            0.038298,           0.0057469,             0.00604,             0.00604,             0.00604
                 122,            0.033058,            0.042903,            0.007722,              0.5292,             0.68889,             0.70468,              0.4441,            0.030285,            0.041591,            0.006211,            0.006007,            0.006007,            0.006007
                 123,            0.034415,             0.04297,            0.008045,             0.55994,             0.72026,             0.69088,             0.43742,            0.030691,            0.039621,           0.0069656,            0.005974,            0.005974,            0.005974
                 124,            0.036534,            0.043652,           0.0080238,             0.52728,             0.70651,             0.72471,             0.40853,            0.033452,            0.042366,           0.0065645,            0.005941,            0.005941,            0.005941
                 125,            0.034327,            0.043148,           0.0080706,             0.55765,             0.75667,             0.73532,             0.42716,            0.031932,            0.040432,           0.0061586,            0.005908,            0.005908,            0.005908
                 126,            0.037054,            0.043351,           0.0069658,              0.5082,             0.67026,             0.78851,             0.49659,            0.031145,            0.039675,           0.0063503,            0.005875,            0.005875,            0.005875
                 127,            0.032881,            0.041424,           0.0072283,             0.60299,             0.71193,             0.79271,              0.4913,            0.031609,            0.039539,            0.006258,            0.005842,            0.005842,            0.005842
                 128,            0.034598,            0.044523,           0.0073893,             0.53398,             0.80539,             0.69494,             0.43266,            0.030886,            0.040219,           0.0065379,            0.005809,            0.005809,            0.005809
                 129,            0.033252,            0.043381,           0.0073197,             0.53564,               0.643,             0.74518,             0.49269,            0.029425,            0.039701,           0.0062906,            0.005776,            0.005776,            0.005776
                 130,            0.034862,            0.041363,            0.007676,             0.53463,             0.63579,             0.75031,             0.46393,            0.032509,            0.043107,           0.0059955,            0.005743,            0.005743,            0.005743
                 131,            0.034353,            0.040737,            0.007642,              0.5417,             0.69173,             0.72342,             0.45748,            0.030305,            0.040186,           0.0067191,             0.00571,             0.00571,             0.00571
                 132,            0.034872,            0.042155,           0.0071763,              0.6212,              0.8065,             0.76886,             0.47008,            0.030941,            0.040349,           0.0060028,            0.005677,            0.005677,            0.005677
                 133,            0.033223,            0.038567,           0.0075276,             0.54284,             0.71374,             0.66959,             0.41807,            0.030964,              0.0407,           0.0057824,            0.005644,            0.005644,            0.005644
                 134,            0.035228,            0.043981,           0.0071013,             0.56328,             0.77283,              0.7434,             0.46881,            0.030819,            0.040546,           0.0058166,            0.005611,            0.005611,            0.005611
                 135,            0.032577,            0.040818,           0.0067799,             0.44542,             0.75614,              0.6563,             0.40147,            0.032041,            0.044799,           0.0065677,            0.005578,            0.005578,            0.005578
                 136,            0.034917,             0.04225,           0.0063116,             0.49786,             0.63465,             0.76051,             0.46228,            0.030996,            0.038925,            0.005711,            0.005545,            0.005545,            0.005545
                 137,            0.032524,            0.041184,            0.006408,             0.55678,             0.64619,             0.70053,             0.43977,            0.030547,            0.039544,           0.0063404,            0.005512,            0.005512,            0.005512
                 138,            0.032175,            0.039877,           0.0068621,             0.57674,              0.7285,             0.75208,             0.48343,            0.030555,            0.039967,           0.0062369,            0.005479,            0.005479,            0.005479
                 139,            0.031508,            0.039526,           0.0056902,              0.6308,             0.64657,             0.73481,             0.44656,            0.031159,            0.040545,           0.0061624,            0.005446,            0.005446,            0.005446
                 140,            0.033337,            0.041213,           0.0074655,             0.51068,             0.76992,             0.71027,             0.43007,            0.031805,               0.041,           0.0056207,            0.005413,            0.005413,            0.005413
                 141,            0.032571,            0.038636,           0.0065957,             0.72219,             0.52636,             0.62338,             0.36996,             0.03268,            0.046922,           0.0065797,             0.00538,             0.00538,             0.00538
                 142,            0.034812,            0.040881,           0.0073063,             0.63381,             0.71484,              0.7705,             0.46171,            0.032781,            0.039887,           0.0060432,            0.005347,            0.005347,            0.005347
                 143,            0.031705,            0.041024,           0.0069129,             0.64106,             0.70248,             0.74279,              0.4634,            0.030554,            0.040052,           0.0054041,            0.005314,            0.005314,            0.005314
                 144,            0.031507,            0.040069,           0.0061255,             0.55219,             0.66628,             0.69668,             0.41847,            0.033005,            0.040653,           0.0059374,            0.005281,            0.005281,            0.005281
                 145,            0.033229,            0.039249,            0.006108,             0.52317,               0.771,             0.69762,             0.44112,            0.030556,            0.039535,           0.0054359,            0.005248,            0.005248,            0.005248
                 146,            0.030746,            0.040549,           0.0062084,             0.58047,             0.67681,             0.72906,                0.43,              0.0321,            0.042347,           0.0050585,            0.005215,            0.005215,            0.005215
                 147,            0.031676,            0.041107,           0.0065656,             0.57893,               0.771,             0.75561,             0.47054,             0.03098,            0.039383,           0.0053657,            0.005182,            0.005182,            0.005182
                 148,            0.031533,            0.040833,           0.0065646,             0.61055,             0.76084,             0.74824,             0.48252,            0.031027,            0.040651,            0.005191,            0.005149,            0.005149,            0.005149
                 149,            0.030767,            0.040763,             0.00659,             0.57929,             0.75536,              0.7314,              0.4396,            0.031103,            0.040235,           0.0055763,            0.005116,            0.005116,            0.005116
                 150,            0.032913,            0.040344,           0.0058356,             0.54561,              0.6956,             0.72477,             0.45426,            0.031162,            0.039095,           0.0049459,            0.005083,            0.005083,            0.005083
                 151,            0.031581,            0.040413,           0.0057294,             0.61237,             0.73242,             0.76431,             0.48273,            0.030475,            0.039359,           0.0046877,             0.00505,             0.00505,             0.00505
                 152,            0.031678,            0.041344,           0.0061853,             0.61233,             0.75493,             0.77827,             0.50166,            0.030796,            0.039196,           0.0053626,            0.005017,            0.005017,            0.005017
                 153,            0.030394,             0.03857,           0.0063794,             0.63864,             0.81775,             0.78141,             0.48246,            0.029985,            0.040577,           0.0048959,            0.004984,            0.004984,            0.004984
                 154,            0.032215,            0.041034,           0.0063148,              0.6246,              0.8465,              0.7834,             0.46414,            0.030447,             0.04062,            0.005044,            0.004951,            0.004951,            0.004951
                 155,            0.032037,            0.039111,           0.0061831,             0.71722,             0.81992,             0.77109,             0.44686,            0.030748,            0.038785,           0.0050258,            0.004918,            0.004918,            0.004918
                 156,            0.032637,            0.044441,           0.0062735,              0.6391,             0.71867,             0.76218,             0.44698,            0.031782,            0.041047,           0.0049898,            0.004885,            0.004885,            0.004885
                 157,            0.033764,            0.041369,           0.0061401,             0.65734,             0.82014,             0.79311,             0.48446,            0.029966,            0.040621,           0.0050598,            0.004852,            0.004852,            0.004852
                 158,            0.030617,            0.039012,           0.0057796,             0.54425,             0.77259,             0.76644,             0.46919,            0.030512,            0.039271,           0.0048613,            0.004819,            0.004819,            0.004819
                 159,            0.032282,            0.038997,           0.0058147,             0.59813,             0.87283,             0.80905,             0.51596,            0.029965,            0.039031,            0.004737,            0.004786,            0.004786,            0.004786
                 160,            0.030609,            0.036711,           0.0055853,             0.62172,             0.83394,             0.81008,             0.50336,            0.030577,            0.040791,           0.0047099,            0.004753,            0.004753,            0.004753
                 161,            0.031322,             0.04115,           0.0056535,             0.57051,             0.81484,             0.78252,              0.4781,            0.030403,             0.04109,           0.0049178,             0.00472,             0.00472,             0.00472
                 162,            0.030558,            0.038057,           0.0057786,             0.56698,             0.89065,             0.79499,             0.49927,             0.03115,            0.041122,           0.0050164,            0.004687,            0.004687,            0.004687
                 163,            0.030319,            0.038458,           0.0056565,             0.55084,             0.86645,             0.78854,             0.49221,            0.030829,            0.043676,           0.0054166,            0.004654,            0.004654,            0.004654
                 164,            0.029512,            0.041272,           0.0061257,             0.57002,             0.80941,             0.75869,             0.48661,            0.031307,            0.043868,            0.004798,            0.004621,            0.004621,            0.004621
                 165,            0.031136,            0.039436,           0.0056396,              0.6278,             0.80047,             0.77088,             0.50041,            0.030166,            0.042294,            0.005178,            0.004588,            0.004588,            0.004588
                 166,            0.033613,             0.03938,            0.005692,             0.68081,             0.81374,              0.7748,             0.48069,            0.031003,            0.039692,           0.0051871,            0.004555,            0.004555,            0.004555
                 167,            0.030128,            0.040834,           0.0055788,              0.5972,             0.75433,             0.77453,             0.46546,            0.031915,            0.040507,           0.0050858,            0.004522,            0.004522,            0.004522
                 168,            0.031934,            0.041974,           0.0059352,             0.58427,             0.87213,             0.77544,             0.49804,            0.030256,            0.039212,           0.0059991,            0.004489,            0.004489,            0.004489
                 169,            0.029133,             0.03951,           0.0056733,             0.63857,             0.80433,             0.75154,             0.47408,            0.031083,            0.038605,           0.0050292,            0.004456,            0.004456,            0.004456
                 170,            0.031618,            0.039716,           0.0059949,             0.62307,              0.8565,             0.80605,             0.50199,            0.030921,            0.039997,           0.0057529,            0.004423,            0.004423,            0.004423
                 171,            0.029264,            0.036655,           0.0054516,             0.78044,             0.71796,             0.78343,             0.50039,            0.030847,            0.040161,           0.0053604,             0.00439,             0.00439,             0.00439
                 172,            0.030648,             0.03809,           0.0055566,              0.6433,               0.796,             0.82018,             0.51184,            0.030255,            0.040975,           0.0051994,            0.004357,            0.004357,            0.004357
                 173,            0.030107,            0.037268,           0.0051303,              0.6554,             0.85433,             0.76186,             0.47478,            0.030176,            0.039738,           0.0048522,            0.004324,            0.004324,            0.004324
                 174,            0.030718,             0.03728,           0.0058857,             0.65902,             0.82906,             0.80275,             0.47948,            0.031957,            0.044193,           0.0045953,            0.004291,            0.004291,            0.004291
                 175,            0.030568,            0.040378,           0.0062727,              0.6018,             0.86193,             0.80182,             0.49729,            0.030107,            0.040154,           0.0050506,            0.004258,            0.004258,            0.004258
                 176,            0.029157,            0.038656,           0.0060576,             0.62577,             0.82119,             0.77983,             0.47499,            0.030928,            0.040701,           0.0053061,            0.004225,            0.004225,            0.004225
                 177,            0.029201,            0.038374,           0.0056014,             0.69189,             0.85082,             0.77973,             0.48366,             0.02977,            0.038538,           0.0047772,            0.004192,            0.004192,            0.004192
                 178,            0.029156,            0.037394,           0.0053054,             0.70014,             0.86266,             0.83215,             0.53468,            0.029544,              0.0399,           0.0045392,            0.004159,            0.004159,            0.004159
                 179,            0.029574,            0.035613,           0.0055162,             0.63769,             0.75172,             0.76066,             0.48043,            0.030587,            0.040939,            0.004798,            0.004126,            0.004126,            0.004126
                 180,            0.031266,            0.037329,           0.0056804,             0.62191,             0.84998,             0.79183,             0.47386,            0.031558,            0.041247,            0.004899,            0.004093,            0.004093,            0.004093
                 181,            0.030578,            0.038005,           0.0055966,             0.69289,             0.81775,             0.86795,             0.52848,             0.03012,            0.041887,           0.0052156,             0.00406,             0.00406,             0.00406
                 182,            0.029218,             0.03902,            0.005285,             0.66282,             0.87406,             0.87545,             0.53709,            0.030222,            0.041111,           0.0053053,            0.004027,            0.004027,            0.004027
                 183,            0.027558,            0.035871,           0.0054955,              0.7104,             0.85868,              0.8684,              0.5531,            0.029822,            0.041128,           0.0043376,            0.003994,            0.003994,            0.003994
                 184,            0.029349,            0.037645,           0.0055449,             0.62359,             0.90577,             0.80105,             0.49543,            0.030001,            0.039551,           0.0048002,            0.003961,            0.003961,            0.003961
                 185,            0.029927,            0.036488,           0.0053418,             0.74738,             0.75503,             0.83184,              0.5335,            0.029292,            0.039771,            0.004461,            0.003928,            0.003928,            0.003928
                 186,            0.029062,            0.036117,           0.0055226,             0.81853,             0.80725,             0.83996,             0.54488,            0.030333,              0.0403,           0.0047206,            0.003895,            0.003895,            0.003895
                 187,            0.028728,             0.03737,           0.0053004,             0.76245,             0.81701,             0.85719,             0.54839,            0.030355,             0.04082,           0.0045178,            0.003862,            0.003862,            0.003862
                 188,            0.029336,            0.036901,           0.0048688,             0.73758,             0.80355,             0.82917,             0.52205,            0.030285,            0.039235,           0.0054007,            0.003829,            0.003829,            0.003829
                 189,             0.02984,            0.034403,           0.0049793,             0.63181,             0.79092,             0.79323,             0.49673,            0.030667,             0.03895,           0.0046644,            0.003796,            0.003796,            0.003796
                 190,            0.029677,            0.037782,           0.0050952,              0.6421,             0.86677,             0.82511,             0.48572,            0.031056,            0.039822,           0.0044627,            0.003763,            0.003763,            0.003763
                 191,            0.029783,            0.036929,           0.0058036,              0.7798,             0.82253,             0.88688,              0.5236,            0.031211,            0.039138,           0.0047741,             0.00373,             0.00373,             0.00373
                 192,             0.02877,            0.037629,           0.0050113,             0.77189,             0.73006,             0.81056,             0.47613,            0.031328,              0.0392,            0.005368,            0.003697,            0.003697,            0.003697
                 193,            0.028618,            0.038174,            0.005254,             0.69152,             0.78752,             0.75401,             0.46451,            0.030429,            0.039081,           0.0062386,            0.003664,            0.003664,            0.003664
                 194,            0.030241,             0.03817,           0.0050454,              0.7134,              0.8036,             0.81961,             0.50999,            0.030397,            0.038026,            0.005962,            0.003631,            0.003631,            0.003631
                 195,            0.027612,            0.036483,           0.0051872,             0.84907,             0.78721,             0.84414,             0.52741,            0.030123,            0.038914,           0.0055545,            0.003598,            0.003598,            0.003598
                 196,            0.029021,            0.036016,           0.0047705,             0.74693,             0.80416,             0.82362,             0.50386,            0.030836,            0.039245,           0.0055624,            0.003565,            0.003565,            0.003565
                 197,            0.028559,            0.037835,           0.0044324,             0.65408,             0.80275,             0.83482,                0.52,            0.029932,            0.039519,            0.004618,            0.003532,            0.003532,            0.003532
                 198,            0.028541,            0.035787,            0.004764,             0.72302,             0.85108,             0.87648,             0.56301,            0.030519,            0.040504,           0.0046808,            0.003499,            0.003499,            0.003499
                 199,            0.029349,            0.039792,           0.0055106,             0.75665,             0.73982,             0.79905,             0.50461,            0.030997,            0.040683,           0.0054365,            0.003466,            0.003466,            0.003466
                 200,            0.028286,             0.03808,           0.0058688,             0.67169,             0.85108,             0.81898,             0.50844,            0.030408,            0.041284,           0.0061199,            0.003433,            0.003433,            0.003433
                 201,            0.028364,            0.036208,           0.0051064,             0.79548,             0.85541,              0.8455,             0.53418,            0.030911,            0.040539,           0.0051802,              0.0034,              0.0034,              0.0034
                 202,            0.028187,            0.035855,            0.004583,             0.72161,             0.91612,             0.91388,             0.56371,            0.029998,            0.039525,           0.0047404,            0.003367,            0.003367,            0.003367
                 203,            0.026936,            0.034581,           0.0048031,             0.75042,             0.83657,             0.84885,             0.51164,            0.030494,            0.038656,           0.0042698,            0.003334,            0.003334,            0.003334
                 204,            0.027106,            0.034597,            0.005468,             0.74784,             0.95325,             0.88833,             0.55018,            0.029836,            0.039788,           0.0046879,            0.003301,            0.003301,            0.003301
                 205,            0.028516,            0.036721,           0.0046459,             0.73519,             0.89546,             0.88607,             0.56121,            0.030054,            0.039098,           0.0052042,            0.003268,            0.003268,            0.003268
                 206,            0.026601,             0.03589,           0.0049239,             0.74548,             0.90146,             0.87103,             0.55391,            0.030121,            0.040952,           0.0049271,            0.003235,            0.003235,            0.003235
                 207,            0.026778,            0.036941,           0.0048182,             0.69671,               0.796,             0.82355,             0.49868,            0.029949,            0.040798,           0.0051141,            0.003202,            0.003202,            0.003202
                 208,            0.027452,            0.036669,           0.0055734,             0.66096,              0.8065,             0.82061,             0.51378,              0.0295,            0.039822,           0.0054354,            0.003169,            0.003169,            0.003169
                 209,            0.026791,            0.034583,           0.0045077,             0.76045,             0.74996,             0.82128,             0.50355,            0.029969,            0.042884,           0.0053985,            0.003136,            0.003136,            0.003136
                 210,            0.026875,            0.036993,           0.0046121,              0.7102,             0.84382,             0.83227,             0.49876,             0.03066,            0.040448,           0.0048876,            0.003103,            0.003103,            0.003103
                 211,            0.026381,            0.035239,           0.0047947,             0.81529,             0.90142,              0.8904,             0.55495,            0.030553,            0.042041,           0.0051061,             0.00307,             0.00307,             0.00307
                 212,            0.027538,            0.034585,           0.0043822,             0.75673,             0.91014,             0.88892,             0.55922,            0.030634,            0.042548,           0.0044721,            0.003037,            0.003037,            0.003037
                 213,            0.026776,            0.036865,           0.0049305,             0.78269,             0.86866,             0.89901,             0.55574,            0.030366,            0.041332,           0.0044739,            0.003004,            0.003004,            0.003004
                 214,            0.028536,            0.037042,           0.0049797,             0.82644,             0.88824,             0.88924,              0.5358,            0.030842,            0.040635,           0.0045547,            0.002971,            0.002971,            0.002971
                 215,            0.027727,             0.03689,           0.0042892,             0.78299,             0.83023,             0.86232,             0.52667,            0.030345,            0.041169,           0.0043203,            0.002938,            0.002938,            0.002938
                 216,            0.027711,            0.035923,           0.0048264,             0.82464,              0.8892,             0.89549,             0.55939,            0.031471,            0.041518,           0.0042868,            0.002905,            0.002905,            0.002905
                 217,            0.026149,            0.036317,           0.0047639,             0.79425,             0.85192,             0.85358,             0.53181,            0.030725,            0.040258,           0.0043224,            0.002872,            0.002872,            0.002872
                 218,            0.026967,            0.035814,           0.0045014,             0.82653,             0.89634,             0.88719,             0.57658,            0.030863,            0.041686,           0.0044385,            0.002839,            0.002839,            0.002839
                 219,            0.025222,             0.03486,           0.0042536,             0.83897,             0.90329,             0.90751,             0.57679,            0.030374,            0.042529,           0.0045217,            0.002806,            0.002806,            0.002806
                 220,            0.027439,             0.03668,           0.0047583,             0.81253,             0.86121,             0.88528,             0.56234,            0.030346,             0.04114,           0.0041689,            0.002773,            0.002773,            0.002773
                 221,            0.026105,            0.035788,           0.0045711,                0.83,             0.80263,             0.84011,              0.5566,            0.029767,            0.041613,           0.0048775,             0.00274,             0.00274,             0.00274
                 222,            0.025684,            0.033963,           0.0046974,             0.78735,             0.86909,             0.86961,             0.56076,            0.030061,            0.041231,           0.0048104,            0.002707,            0.002707,            0.002707
                 223,            0.027257,            0.037137,           0.0049769,             0.82441,             0.78229,             0.83086,             0.52837,            0.030353,            0.041245,           0.0044367,            0.002674,            0.002674,            0.002674
                 224,            0.028051,            0.035702,           0.0040315,             0.76084,             0.88212,             0.90125,             0.56969,            0.029843,            0.040149,           0.0043091,            0.002641,            0.002641,            0.002641
                 225,            0.027415,            0.035074,           0.0042577,             0.83548,              0.9065,             0.89484,             0.57785,            0.029506,            0.041111,           0.0041551,            0.002608,            0.002608,            0.002608
                 226,            0.026078,             0.03316,           0.0049997,             0.78705,             0.79815,             0.82498,             0.53166,            0.029691,            0.039861,           0.0044754,            0.002575,            0.002575,            0.002575
                 227,            0.025675,             0.03558,           0.0044465,             0.80695,             0.77992,             0.82293,             0.51945,            0.030111,            0.040197,           0.0043915,            0.002542,            0.002542,            0.002542
                 228,             0.02557,            0.034936,           0.0044029,             0.86345,             0.83472,             0.87124,             0.56614,            0.030374,            0.040144,           0.0045149,            0.002509,            0.002509,            0.002509
                 229,            0.025577,            0.034975,           0.0044404,             0.87057,             0.91481,             0.91829,             0.59494,             0.03024,            0.041279,           0.0039284,            0.002476,            0.002476,            0.002476
                 230,            0.025961,            0.031591,           0.0048995,             0.87621,             0.93062,             0.91835,             0.60102,            0.030385,            0.040346,           0.0038103,            0.002443,            0.002443,            0.002443
                 231,            0.025897,             0.03528,           0.0041885,             0.86387,             0.79014,             0.83276,             0.53104,            0.030064,            0.040543,            0.004338,             0.00241,             0.00241,             0.00241
                 232,            0.025926,            0.035449,           0.0039243,             0.84971,             0.84814,             0.84312,             0.52972,            0.030203,            0.042016,           0.0045734,            0.002377,            0.002377,            0.002377
                 233,            0.025991,            0.035896,           0.0047502,             0.80374,             0.77296,               0.821,             0.52941,            0.029948,            0.040672,           0.0051294,            0.002344,            0.002344,            0.002344
                 234,            0.025947,            0.034095,            0.004311,             0.72892,             0.81213,             0.85705,             0.55285,            0.030421,            0.041853,           0.0044474,            0.002311,            0.002311,            0.002311
                 235,            0.025432,             0.03439,           0.0042558,             0.76665,             0.88838,             0.89824,             0.56579,            0.030541,            0.041836,           0.0040832,            0.002278,            0.002278,            0.002278
                 236,            0.025244,            0.034317,           0.0040527,              0.7864,             0.89913,             0.89973,             0.58167,             0.03017,            0.042023,           0.0043952,            0.002245,            0.002245,            0.002245
                 237,            0.025596,             0.03447,           0.0042055,             0.82054,               0.815,             0.88842,             0.58488,            0.029713,            0.042075,           0.0043907,            0.002212,            0.002212,            0.002212
                 238,             0.02547,             0.03571,           0.0042537,             0.80957,               0.851,             0.89432,             0.59113,             0.03002,            0.042014,           0.0039312,            0.002179,            0.002179,            0.002179
                 239,            0.025557,            0.033909,           0.0041201,             0.80139,             0.84293,             0.89052,             0.56487,            0.030274,             0.04218,           0.0041436,            0.002146,            0.002146,            0.002146
                 240,            0.025119,            0.034954,           0.0043262,             0.81623,             0.84227,             0.86697,             0.54834,            0.030049,            0.042154,            0.004309,            0.002113,            0.002113,            0.002113
                 241,            0.025204,            0.036051,           0.0045414,             0.80895,             0.86649,             0.86857,             0.56539,            0.029733,            0.042366,           0.0045568,             0.00208,             0.00208,             0.00208
                 242,            0.025092,            0.035367,           0.0039029,             0.76429,             0.85793,             0.86211,             0.54818,            0.029667,            0.042289,           0.0044503,            0.002047,            0.002047,            0.002047
                 243,            0.025247,            0.033381,           0.0043346,             0.82623,             0.78126,             0.85471,             0.54582,            0.029555,            0.043125,            0.004581,            0.002014,            0.002014,            0.002014
                 244,            0.024446,            0.034819,            0.003696,             0.76101,             0.85806,              0.8705,             0.57919,            0.029569,            0.040981,           0.0046025,            0.001981,            0.001981,            0.001981
                 245,             0.02486,            0.035318,           0.0039941,             0.74876,             0.87973,             0.86361,             0.56893,            0.029537,            0.040257,           0.0047102,            0.001948,            0.001948,            0.001948
                 246,            0.024013,            0.033511,           0.0040669,             0.78694,             0.86017,             0.88999,              0.5867,             0.02953,            0.040174,           0.0045415,            0.001915,            0.001915,            0.001915
                 247,            0.025443,            0.033326,            0.004289,              0.8282,             0.92776,             0.91371,             0.60377,            0.030006,            0.041049,           0.0045211,            0.001882,            0.001882,            0.001882
                 248,            0.025347,            0.033619,           0.0039182,             0.82539,              0.9066,              0.9163,             0.61387,            0.029958,            0.041352,            0.004401,            0.001849,            0.001849,            0.001849
                 249,            0.024784,            0.032538,           0.0040362,             0.79773,             0.87649,             0.91579,             0.60904,            0.029877,            0.042058,           0.0044224,            0.001816,            0.001816,            0.001816
                 250,            0.024853,            0.035815,           0.0037542,             0.75392,             0.85433,             0.87107,             0.58279,            0.029604,            0.040483,           0.0046624,            0.001783,            0.001783,            0.001783
                 251,            0.024281,            0.034391,           0.0039898,             0.74183,             0.86582,             0.86795,             0.57575,            0.029718,            0.040591,           0.0050036,             0.00175,             0.00175,             0.00175
                 252,            0.024034,            0.033185,           0.0040586,             0.79547,             0.87629,             0.88288,             0.57594,            0.029567,            0.039896,           0.0046886,            0.001717,            0.001717,            0.001717
                 253,            0.024241,            0.032501,           0.0039099,              0.7826,             0.87095,             0.89217,             0.58791,            0.029861,            0.041939,           0.0047507,            0.001684,            0.001684,            0.001684
                 254,             0.02454,            0.032855,           0.0038004,             0.80474,              0.8672,             0.87708,             0.59242,            0.030334,            0.041854,           0.0046755,            0.001651,            0.001651,            0.001651
                 255,            0.024526,            0.031694,           0.0038656,             0.78481,             0.88287,             0.88419,             0.57043,            0.029827,            0.040914,           0.0042836,            0.001618,            0.001618,            0.001618
                 256,            0.024495,            0.033743,           0.0040495,             0.78105,              0.8747,              0.8826,             0.57906,            0.029697,            0.041762,            0.004239,            0.001585,            0.001585,            0.001585
                 257,            0.025012,            0.035747,           0.0044888,             0.78854,             0.84417,             0.89047,              0.5729,            0.029707,            0.041519,           0.0044024,            0.001552,            0.001552,            0.001552
                 258,            0.023984,            0.034876,           0.0039894,             0.76809,               0.842,             0.87115,             0.56149,            0.029818,             0.04101,           0.0048374,            0.001519,            0.001519,            0.001519
                 259,            0.024813,            0.032463,           0.0038477,             0.77552,             0.80949,             0.88245,             0.57316,            0.030316,            0.043327,           0.0048046,            0.001486,            0.001486,            0.001486
                 260,            0.024485,            0.032248,           0.0038164,             0.76637,             0.86977,             0.89283,             0.57614,            0.030524,             0.04279,           0.0045712,            0.001453,            0.001453,            0.001453
                 261,            0.025099,            0.034107,           0.0037851,              0.8215,             0.87662,             0.88706,             0.58518,             0.03042,            0.041989,           0.0045619,             0.00142,             0.00142,             0.00142
                 262,            0.024647,            0.034281,           0.0039835,             0.82228,             0.87995,             0.88956,             0.57725,              0.0301,            0.042539,           0.0046512,            0.001387,            0.001387,            0.001387
                 263,            0.023329,            0.032527,           0.0037176,              0.7855,             0.89712,             0.87783,             0.56543,            0.029661,            0.041406,             0.00471,            0.001354,            0.001354,            0.001354
                 264,             0.02465,             0.03298,           0.0036281,             0.83052,             0.87369,             0.88149,             0.57593,            0.029605,            0.041146,           0.0044719,            0.001321,            0.001321,            0.001321
                 265,            0.024314,             0.03522,            0.003965,              0.8245,             0.86689,             0.88416,             0.57275,            0.029728,            0.042594,           0.0042149,            0.001288,            0.001288,            0.001288
                 266,            0.023573,            0.033429,           0.0037153,             0.80249,             0.89352,             0.88556,             0.57228,            0.029755,            0.041339,           0.0039302,            0.001255,            0.001255,            0.001255
                 267,            0.024527,            0.034565,            0.004366,             0.78963,              0.8565,             0.88359,             0.58127,            0.029531,            0.040573,           0.0041844,            0.001222,            0.001222,            0.001222
                 268,            0.024237,            0.033861,           0.0038205,             0.78402,             0.85889,             0.89243,             0.57861,            0.029805,            0.041515,           0.0042581,            0.001189,            0.001189,            0.001189
                 269,            0.024019,            0.034256,           0.0038375,              0.8095,             0.92922,             0.90774,             0.58357,            0.030054,            0.042076,           0.0041178,            0.001156,            0.001156,            0.001156
                 270,            0.023231,             0.03175,           0.0033586,             0.72073,             0.93948,              0.8876,             0.57128,            0.030139,            0.041866,           0.0039505,            0.001123,            0.001123,            0.001123
                 271,            0.024598,            0.033513,           0.0045052,             0.82519,             0.91869,             0.91797,             0.59616,            0.029686,            0.042552,           0.0038843,             0.00109,             0.00109,             0.00109
                 272,            0.023928,            0.032891,           0.0037793,             0.82907,             0.85433,             0.87892,              0.5896,            0.029405,            0.041403,           0.0039562,            0.001057,            0.001057,            0.001057
                 273,             0.02398,            0.034575,           0.0043609,             0.82362,             0.88462,             0.88553,             0.58302,             0.02967,            0.041696,           0.0038166,            0.001024,            0.001024,            0.001024
                 274,            0.023748,            0.032648,           0.0034995,             0.82995,             0.88931,             0.88546,             0.58246,            0.029699,            0.041606,            0.003637,            0.000991,            0.000991,            0.000991
                 275,            0.023447,            0.033629,           0.0037801,             0.81639,             0.87482,             0.88639,             0.58011,            0.029688,            0.042238,           0.0035565,            0.000958,            0.000958,            0.000958
                 276,            0.024027,            0.032346,           0.0037756,             0.82244,             0.87501,             0.88086,             0.58176,            0.029526,            0.041374,           0.0037626,            0.000925,            0.000925,            0.000925
                 277,            0.023795,             0.03473,           0.0035307,             0.82068,             0.85127,             0.87363,              0.5773,            0.029493,            0.042042,           0.0039502,            0.000892,            0.000892,            0.000892
                 278,            0.023216,            0.032334,           0.0035445,             0.81886,             0.85433,             0.87661,             0.58119,            0.029754,            0.043231,           0.0040981,            0.000859,            0.000859,            0.000859
                 279,            0.023965,            0.032658,           0.0039801,              0.7984,             0.83979,             0.87766,             0.57336,            0.029896,            0.044422,            0.004171,            0.000826,            0.000826,            0.000826
                 280,            0.023519,            0.033352,           0.0039963,             0.80353,             0.80958,             0.86684,             0.56778,            0.029644,            0.043063,           0.0041858,            0.000793,            0.000793,            0.000793
                 281,            0.024078,            0.035304,           0.0038596,             0.80541,             0.81049,             0.86511,             0.56654,            0.029616,            0.043554,           0.0042649,             0.00076,             0.00076,             0.00076
                 282,            0.023063,             0.03042,           0.0036523,             0.81608,             0.83065,             0.87238,             0.57546,            0.029429,            0.041842,            0.004114,            0.000727,            0.000727,            0.000727
                 283,            0.023536,            0.031375,            0.003676,             0.81044,             0.82949,              0.8543,              0.5734,            0.029453,            0.041554,           0.0040762,            0.000694,            0.000694,            0.000694
                 284,             0.02384,            0.031582,           0.0036752,             0.79624,             0.82803,             0.84895,             0.57552,            0.029567,            0.042038,           0.0041438,            0.000661,            0.000661,            0.000661
                 285,            0.023418,            0.030987,           0.0037038,             0.78597,             0.83752,             0.85622,             0.58036,            0.029625,            0.042653,            0.004067,            0.000628,            0.000628,            0.000628
                 286,            0.023786,            0.032881,           0.0037498,             0.80021,             0.84107,             0.87109,             0.58786,            0.029773,            0.042825,            0.004027,            0.000595,            0.000595,            0.000595
                 287,            0.023483,            0.033181,           0.0037897,             0.81739,             0.84847,             0.87105,             0.58943,            0.029747,            0.042127,           0.0040157,            0.000562,            0.000562,            0.000562
                 288,            0.023219,            0.034036,           0.0038701,             0.79828,             0.82234,              0.8505,             0.56506,            0.029891,            0.042616,           0.0040788,            0.000529,            0.000529,            0.000529
                 289,             0.02345,            0.031863,           0.0042962,             0.81146,             0.83465,             0.86535,             0.56759,            0.029786,             0.04203,           0.0040592,            0.000496,            0.000496,            0.000496
                 290,            0.023508,            0.033051,           0.0037915,             0.78709,             0.83043,             0.88547,             0.57516,            0.029756,            0.042183,           0.0041361,            0.000463,            0.000463,            0.000463
                 291,             0.02312,            0.030552,           0.0041844,             0.79587,             0.87853,             0.89787,             0.59595,            0.029636,            0.042246,           0.0041861,             0.00043,             0.00043,             0.00043
                 292,            0.022964,             0.03263,           0.0036794,             0.79219,             0.88126,             0.89418,             0.58249,            0.029531,            0.042045,           0.0041108,            0.000397,            0.000397,            0.000397
                 293,            0.023419,             0.03402,           0.0035182,             0.79823,             0.87998,              0.8801,             0.58828,            0.029425,            0.041434,           0.0042227,            0.000364,            0.000364,            0.000364
                 294,            0.023701,            0.034582,           0.0039346,             0.80037,             0.86961,             0.87868,             0.59024,            0.029466,             0.04144,           0.0043074,            0.000331,            0.000331,            0.000331
                 295,            0.023062,            0.032633,           0.0038077,             0.80009,             0.87317,              0.8812,             0.59102,             0.02959,             0.04211,            0.004386,            0.000298,            0.000298,            0.000298
                 296,            0.023414,            0.035092,           0.0040463,             0.80899,             0.87002,             0.88146,             0.59461,            0.029578,              0.0426,           0.0044148,            0.000265,            0.000265,            0.000265
                 297,            0.022973,            0.032728,           0.0038903,             0.81242,             0.87583,             0.88276,             0.58865,            0.029499,            0.042553,           0.0044126,            0.000232,            0.000232,            0.000232
                 298,            0.022965,            0.031868,           0.0036477,             0.81531,             0.87538,             0.88425,             0.58539,            0.029507,            0.042458,           0.0043819,            0.000199,            0.000199,            0.000199
                 299,              0.0232,            0.032745,           0.0035475,             0.80667,             0.86742,             0.88175,             0.58539,            0.029506,            0.042255,           0.0043893,            0.000166,            0.000166,            0.000166
